"Title","ProductID","CustomerID","ID","Created Date","Updated Date","Owner","Rating","Email"
,"ba680026-7b76-3fd4-89f7-2fce500cbc94","bab71675-322b-4517-88df-541c0123c945","7f85d0b6-1f0b-4d21-a120-e78ea1ae33ec",2019-01-08T20:44:32Z,2019-01-08T20:44:32Z,"bab71675-322b-4517-88df-541c0123c945","2","rony_test18@hotmail.com"
,"d335d6b1-ac7e-02d1-2ca5-c1eba4664e5e","bab71675-322b-4517-88df-541c0123c945","e1c92a48-322b-4e6c-8f1e-3fa6175cd936",2019-01-08T20:44:19Z,2019-01-08T20:44:19Z,"bab71675-322b-4517-88df-541c0123c945","3","rony_test18@hotmail.com"
,"964767e8-44e0-4453-5e81-9ec1f1cbd0eb","bab71675-322b-4517-88df-541c0123c945","41ebc5ce-0231-48e7-a787-b8baa05a6418",2019-01-08T20:44:03Z,2019-01-08T20:44:03Z,"bab71675-322b-4517-88df-541c0123c945","3","rony_test18@hotmail.com"
,"8f24284b-b0ec-9c4f-f1bc-15678d21ce74","bab71675-322b-4517-88df-541c0123c945","ea1a26b8-10a1-49c6-a299-bb2c79b10690",2019-01-08T20:43:48Z,2019-01-08T20:43:48Z,"bab71675-322b-4517-88df-541c0123c945","4","rony_test18@hotmail.com"
,"ba680026-7b76-3fd4-89f7-2fce500cbc94","ece0c872-30ce-4758-b34e-a1497196beb8","1ebc8662-f458-4b11-8190-1f99f0052b46",2019-01-08T20:42:38Z,2019-01-08T20:42:38Z,"ece0c872-30ce-4758-b34e-a1497196beb8","5","rony_test_18@hotmail.com"
,"d335d6b1-ac7e-02d1-2ca5-c1eba4664e5e","ece0c872-30ce-4758-b34e-a1497196beb8","16c3c816-1504-4d9c-8b77-66bc6a444105",2019-01-08T20:42:24Z,2019-01-08T20:42:24Z,"ece0c872-30ce-4758-b34e-a1497196beb8","5","rony_test_18@hotmail.com"
,"964767e8-44e0-4453-5e81-9ec1f1cbd0eb","ece0c872-30ce-4758-b34e-a1497196beb8","ba44f979-9b8a-4234-8e66-4865124e6686",2019-01-08T20:42:09Z,2019-01-08T20:42:09Z,"ece0c872-30ce-4758-b34e-a1497196beb8","5","rony_test_18@hotmail.com"
,"8f24284b-b0ec-9c4f-f1bc-15678d21ce74","ece0c872-30ce-4758-b34e-a1497196beb8","3cf1b3c8-0c34-4b46-a2be-6587c79bb80c",2019-01-08T20:41:55Z,2019-01-08T20:41:55Z,"ece0c872-30ce-4758-b34e-a1497196beb8","5","rony_test_18@hotmail.com"
,"d335d6b1-ac7e-02d1-2ca5-c1eba4664e5e","ece0c872-30ce-4758-b34e-a1497196beb8","c73c5b23-3f87-4109-bf91-a0587d1c59c5",2019-01-08T20:41:07Z,2019-01-08T20:41:07Z,"ece0c872-30ce-4758-b34e-a1497196beb8","5","rony_test_18@hotmail.com"
,"ba680026-7b76-3fd4-89f7-2fce500cbc94","ece0c872-30ce-4758-b34e-a1497196beb8","27aa9401-8963-46e8-bc80-44fa96696358",2019-01-08T20:40:52Z,2019-01-08T20:40:52Z,"ece0c872-30ce-4758-b34e-a1497196beb8","0","rony_test_18@hotmail.com"
,"ba680026-7b76-3fd4-89f7-2fce500cbc94","dc5ec766-d4f3-4513-9c15-fc37659e5382","ed00e720-625a-4473-a580-58ba76f4b732",2019-01-08T20:39:52Z,2019-01-08T20:39:52Z,"dc5ec766-d4f3-4513-9c15-fc37659e5382","5","rony_test_17@hotmail.com"
,"ba680026-7b76-3fd4-89f7-2fce500cbc94","dc5ec766-d4f3-4513-9c15-fc37659e5382","5ec70225-2f36-4918-a1e6-326ec5303c60",2019-01-08T20:39:48Z,2019-01-08T20:39:48Z,"dc5ec766-d4f3-4513-9c15-fc37659e5382","5","rony_test_17@hotmail.com"
,"d335d6b1-ac7e-02d1-2ca5-c1eba4664e5e","dc5ec766-d4f3-4513-9c15-fc37659e5382","33668347-6031-4814-8d2c-6518f85575ac",2019-01-08T20:39:32Z,2019-01-08T20:39:32Z,"dc5ec766-d4f3-4513-9c15-fc37659e5382","5","rony_test_17@hotmail.com"
,"964767e8-44e0-4453-5e81-9ec1f1cbd0eb","dc5ec766-d4f3-4513-9c15-fc37659e5382","4ae1d069-ba98-4460-9081-dda2304c9867",2019-01-08T20:39:14Z,2019-01-08T20:39:14Z,"dc5ec766-d4f3-4513-9c15-fc37659e5382","5","rony_test_17@hotmail.com"
,"8f24284b-b0ec-9c4f-f1bc-15678d21ce74","dc5ec766-d4f3-4513-9c15-fc37659e5382","abde5237-d293-4401-a531-2bb3aedfe626",2019-01-08T20:38:54Z,2019-01-08T20:38:54Z,"dc5ec766-d4f3-4513-9c15-fc37659e5382","5","rony_test_17@hotmail.com"
,"8f24284b-b0ec-9c4f-f1bc-15678d21ce74","33689d4c-9e45-4936-8e6f-606a2666a7cd","09035dd9-920f-42f7-8312-50679774e71c",2019-01-08T20:37:35Z,2019-01-08T20:37:35Z,"33689d4c-9e45-4936-8e6f-606a2666a7cd","5","majdtest_test_n16@hotmail.com"
,"964767e8-44e0-4453-5e81-9ec1f1cbd0eb","33689d4c-9e45-4936-8e6f-606a2666a7cd","3e56c4b5-ba26-465c-ac2f-66af805ca16a",2019-01-08T20:37:16Z,2019-01-08T20:37:16Z,"33689d4c-9e45-4936-8e6f-606a2666a7cd","5","majdtest_test_n16@hotmail.com"
,"ba680026-7b76-3fd4-89f7-2fce500cbc94","33689d4c-9e45-4936-8e6f-606a2666a7cd","19bdfc42-b3d8-4f77-8827-604f6363bdf6",2019-01-08T20:37:02Z,2019-01-08T20:37:02Z,"33689d4c-9e45-4936-8e6f-606a2666a7cd","5","majdtest_test_n16@hotmail.com"
,"d335d6b1-ac7e-02d1-2ca5-c1eba4664e5e","33689d4c-9e45-4936-8e6f-606a2666a7cd","a5c1515e-987b-4a1e-a625-2245e774a189",2019-01-08T20:36:14Z,2019-01-08T20:36:14Z,"33689d4c-9e45-4936-8e6f-606a2666a7cd","5","majdtest_test_n16@hotmail.com"
,"0e0d92a8-9b91-959f-e46b-1c2ab1a0fdf3","9f366689-b16c-424f-b65e-4ffb133c668b","3a05fdde-6c02-4abf-99f2-22ee3bba3cd9",2019-01-08T20:05:24Z,2019-01-08T20:05:24Z,"9f366689-b16c-424f-b65e-4ffb133c668b","5","majdtest_m15@hotmail.com"
,"347b02c0-ed21-7d90-3b47-096a8f073922","9f366689-b16c-424f-b65e-4ffb133c668b","540450c1-62c5-474e-9b17-0a487c075bbb",2019-01-08T20:04:49Z,2019-01-08T20:04:49Z,"9f366689-b16c-424f-b65e-4ffb133c668b","5","majdtest_m15@hotmail.com"
,"d335d6b1-ac7e-02d1-2ca5-c1eba4664e5e","9f366689-b16c-424f-b65e-4ffb133c668b","85e3d02b-fde4-4279-a63c-ea5444de5f70",2019-01-08T20:04:26Z,2019-01-08T20:04:26Z,"9f366689-b16c-424f-b65e-4ffb133c668b","5","majdtest_m15@hotmail.com"
,"d335d6b1-ac7e-02d1-2ca5-c1eba4664e5e","9f366689-b16c-424f-b65e-4ffb133c668b","852e05de-9414-40ae-9cd0-51369a94c574",2019-01-08T20:04:04Z,2019-01-08T20:04:04Z,"9f366689-b16c-424f-b65e-4ffb133c668b","5","majdtest_m15@hotmail.com"
,"ba680026-7b76-3fd4-89f7-2fce500cbc94","9f366689-b16c-424f-b65e-4ffb133c668b","02a48a55-c7ed-4ecf-a402-f9feddb831cb",2019-01-08T20:03:26Z,2019-01-08T20:03:26Z,"9f366689-b16c-424f-b65e-4ffb133c668b","5","majdtest_m15@hotmail.com"
,"adda328b-9e4f-41af-0459-561f30a07193","9f366689-b16c-424f-b65e-4ffb133c668b","51077a85-97a6-456a-9b28-f6d9e0db7a99",2019-01-08T20:03:02Z,2019-01-08T20:03:02Z,"9f366689-b16c-424f-b65e-4ffb133c668b","5","majdtest_m15@hotmail.com"
,"635dcdd0-76ba-7b84-08cb-3f0e25352801","9f366689-b16c-424f-b65e-4ffb133c668b","7dd3d637-c527-4d93-ba31-64ce49df69d5",2019-01-08T20:02:46Z,2019-01-08T20:02:46Z,"9f366689-b16c-424f-b65e-4ffb133c668b","5","majdtest_m15@hotmail.com"
,"964767e8-44e0-4453-5e81-9ec1f1cbd0eb","9f366689-b16c-424f-b65e-4ffb133c668b","035af1b9-3bb9-443a-891a-fc380a795449",2019-01-08T20:02:17Z,2019-01-08T20:02:17Z,"9f366689-b16c-424f-b65e-4ffb133c668b","5","majdtest_m15@hotmail.com"
,"8f24284b-b0ec-9c4f-f1bc-15678d21ce74","9f366689-b16c-424f-b65e-4ffb133c668b","e63a4d58-a82c-4871-88a7-fd9338859879",2019-01-08T20:01:51Z,2019-01-08T20:01:51Z,"9f366689-b16c-424f-b65e-4ffb133c668b","5","majdtest_m15@hotmail.com"
,"635dcdd0-76ba-7b84-08cb-3f0e25352801","3062b224-3da2-46fc-8e30-4ccdce02cf65","14c8ef1d-8484-46f9-9609-257279a66206",2019-01-08T19:57:10Z,2019-01-08T19:57:10Z,"3062b224-3da2-46fc-8e30-4ccdce02cf65","5","majdtest_m14@hotmail.com"
,"347b02c0-ed21-7d90-3b47-096a8f073922","3062b224-3da2-46fc-8e30-4ccdce02cf65","d2d00f66-4b12-416d-8ea9-78214ecfafd9",2019-01-08T19:56:16Z,2019-01-08T19:56:16Z,"3062b224-3da2-46fc-8e30-4ccdce02cf65","4","majdtest_m14@hotmail.com"
,"0e0d92a8-9b91-959f-e46b-1c2ab1a0fdf3","3062b224-3da2-46fc-8e30-4ccdce02cf65","851a7f29-a8c5-44c8-a47b-e6cbafa66dce",2019-01-08T19:55:57Z,2019-01-08T19:55:57Z,"3062b224-3da2-46fc-8e30-4ccdce02cf65","1","majdtest_m14@hotmail.com"
,"ba680026-7b76-3fd4-89f7-2fce500cbc94","3062b224-3da2-46fc-8e30-4ccdce02cf65","e1391784-2e26-4ddb-b2f0-cb4197275d25",2019-01-08T19:55:41Z,2019-01-08T19:55:41Z,"3062b224-3da2-46fc-8e30-4ccdce02cf65","3","majdtest_m14@hotmail.com"
,"d335d6b1-ac7e-02d1-2ca5-c1eba4664e5e","3062b224-3da2-46fc-8e30-4ccdce02cf65","09dbe7fb-a951-45b2-8965-78b70ee2c381",2019-01-08T19:55:25Z,2019-01-08T19:55:25Z,"3062b224-3da2-46fc-8e30-4ccdce02cf65","3","majdtest_m14@hotmail.com"
,"964767e8-44e0-4453-5e81-9ec1f1cbd0eb","3062b224-3da2-46fc-8e30-4ccdce02cf65","89dfb4bc-55b1-4df4-81dc-638e53b8ca0a",2019-01-08T19:55:12Z,2019-01-08T19:55:12Z,"3062b224-3da2-46fc-8e30-4ccdce02cf65","5","majdtest_m14@hotmail.com"
,"8f24284b-b0ec-9c4f-f1bc-15678d21ce74","3062b224-3da2-46fc-8e30-4ccdce02cf65","a1be7eb6-897c-4555-a847-ab8c68a61f1a",2019-01-08T19:54:46Z,2019-01-08T19:54:46Z,"3062b224-3da2-46fc-8e30-4ccdce02cf65","5","majdtest_m14@hotmail.com"
,"635dcdd0-76ba-7b84-08cb-3f0e25352801","6976d689-31e4-4e1c-b6c2-2defc5929954","2472f71d-6ee0-4300-9036-9f6b06ea7783",2019-01-08T19:44:19Z,2019-01-08T19:44:19Z,"6976d689-31e4-4e1c-b6c2-2defc5929954","1","majdtest_m13@hotmail.com"
,"adda328b-9e4f-41af-0459-561f30a07193","6976d689-31e4-4e1c-b6c2-2defc5929954","eda05129-ec2f-45d4-8f33-84cd4821aff6",2019-01-08T19:43:51Z,2019-01-08T19:43:51Z,"6976d689-31e4-4e1c-b6c2-2defc5929954","1","majdtest_m13@hotmail.com"
,"347b02c0-ed21-7d90-3b47-096a8f073922","6976d689-31e4-4e1c-b6c2-2defc5929954","1cf9024c-cef2-4d8f-a8bf-50f8f9488475",2019-01-08T19:43:36Z,2019-01-08T19:43:36Z,"6976d689-31e4-4e1c-b6c2-2defc5929954","1","majdtest_m13@hotmail.com"
,"0e0d92a8-9b91-959f-e46b-1c2ab1a0fdf3","6976d689-31e4-4e1c-b6c2-2defc5929954","898bd1eb-70ec-41d4-a4f4-956d8749b543",2019-01-08T19:43:15Z,2019-01-08T19:43:15Z,"6976d689-31e4-4e1c-b6c2-2defc5929954","1","majdtest_m13@hotmail.com"
,"ba680026-7b76-3fd4-89f7-2fce500cbc94","6976d689-31e4-4e1c-b6c2-2defc5929954","8e9bfcc5-a193-41e4-8958-1c32f7cd2744",2019-01-08T19:42:58Z,2019-01-08T19:42:58Z,"6976d689-31e4-4e1c-b6c2-2defc5929954","1","majdtest_m13@hotmail.com"
,"d335d6b1-ac7e-02d1-2ca5-c1eba4664e5e","6976d689-31e4-4e1c-b6c2-2defc5929954","30b7bdfb-1db8-4892-8923-11b0f690a802",2019-01-08T19:42:43Z,2019-01-08T19:42:43Z,"6976d689-31e4-4e1c-b6c2-2defc5929954","1","majdtest_m13@hotmail.com"
,"964767e8-44e0-4453-5e81-9ec1f1cbd0eb","6976d689-31e4-4e1c-b6c2-2defc5929954","9a241667-cdb8-4ceb-91cc-09778ab037ae",2019-01-08T19:42:28Z,2019-01-08T19:42:28Z,"6976d689-31e4-4e1c-b6c2-2defc5929954","1","majdtest_m13@hotmail.com"
,"8f24284b-b0ec-9c4f-f1bc-15678d21ce74","6976d689-31e4-4e1c-b6c2-2defc5929954","d7071efa-d36f-4271-98a3-423ff3f3860e",2019-01-08T19:42:11Z,2019-01-08T19:42:11Z,"6976d689-31e4-4e1c-b6c2-2defc5929954","1","majdtest_m13@hotmail.com"
,"635dcdd0-76ba-7b84-08cb-3f0e25352801","4f2a00b0-9f50-427d-8e54-67b03c892f12","de3a8fcd-80b4-4a41-bbed-44e57558d806",2019-01-08T19:41:00Z,2019-01-08T19:41:00Z,"4f2a00b0-9f50-427d-8e54-67b03c892f12","3","majdn_test_12@hotmail.com"
,"adda328b-9e4f-41af-0459-561f30a07193","4f2a00b0-9f50-427d-8e54-67b03c892f12","da23afbd-67a8-40a1-94f3-7550fe622865",2019-01-08T19:40:42Z,2019-01-08T19:40:42Z,"4f2a00b0-9f50-427d-8e54-67b03c892f12","1","majdn_test_12@hotmail.com"
,"347b02c0-ed21-7d90-3b47-096a8f073922","4f2a00b0-9f50-427d-8e54-67b03c892f12","e99ee266-23f2-4133-a589-62964be23c53",2019-01-08T19:40:27Z,2019-01-08T19:40:27Z,"4f2a00b0-9f50-427d-8e54-67b03c892f12","2","majdn_test_12@hotmail.com"
,"0e0d92a8-9b91-959f-e46b-1c2ab1a0fdf3","4f2a00b0-9f50-427d-8e54-67b03c892f12","85b339b8-4a6f-447a-9a93-453cb33a0f83",2019-01-08T19:40:12Z,2019-01-08T19:40:12Z,"4f2a00b0-9f50-427d-8e54-67b03c892f12","3","majdn_test_12@hotmail.com"
,"ba680026-7b76-3fd4-89f7-2fce500cbc94","4f2a00b0-9f50-427d-8e54-67b03c892f12","a550fcbb-3884-4072-bb64-9039bbd674b3",2019-01-08T19:39:56Z,2019-01-08T19:39:56Z,"4f2a00b0-9f50-427d-8e54-67b03c892f12","3","majdn_test_12@hotmail.com"
,"d335d6b1-ac7e-02d1-2ca5-c1eba4664e5e","4f2a00b0-9f50-427d-8e54-67b03c892f12","b43ddd48-8803-4ff6-813d-b8bec22c5a9e",2019-01-08T19:39:41Z,2019-01-08T19:39:41Z,"4f2a00b0-9f50-427d-8e54-67b03c892f12","2","majdn_test_12@hotmail.com"
,"964767e8-44e0-4453-5e81-9ec1f1cbd0eb","4f2a00b0-9f50-427d-8e54-67b03c892f12","5efb521c-b800-4bf4-93bc-72fcba8d12d9",2019-01-08T19:39:26Z,2019-01-08T19:39:26Z,"4f2a00b0-9f50-427d-8e54-67b03c892f12","1","majdn_test_12@hotmail.com"
,"8f24284b-b0ec-9c4f-f1bc-15678d21ce74","4f2a00b0-9f50-427d-8e54-67b03c892f12","e4d19fea-1328-46dd-8343-2622c1ea3a2a",2019-01-08T19:39:12Z,2019-01-08T19:39:12Z,"4f2a00b0-9f50-427d-8e54-67b03c892f12","4","majdn_test_12@hotmail.com"
,"635dcdd0-76ba-7b84-08cb-3f0e25352801","5f8eb7ce-4713-4689-ba39-0c98eb36a13c","44d5e87e-bb66-42e7-b3e2-8d630eeb51f4",2019-01-08T19:33:13Z,2019-01-08T19:33:13Z,"5f8eb7ce-4713-4689-ba39-0c98eb36a13c","4","majdn_test11@hotmail.com"
,"adda328b-9e4f-41af-0459-561f30a07193","5f8eb7ce-4713-4689-ba39-0c98eb36a13c","149e0736-6d11-4131-98e6-ec14cccad2ef",2019-01-08T19:32:52Z,2019-01-08T19:32:52Z,"5f8eb7ce-4713-4689-ba39-0c98eb36a13c","4","majdn_test11@hotmail.com"
,"347b02c0-ed21-7d90-3b47-096a8f073922","5f8eb7ce-4713-4689-ba39-0c98eb36a13c","fff50e12-3b91-48bb-8703-0a86d0baa5c9",2019-01-08T19:31:28Z,2019-01-08T19:31:28Z,"5f8eb7ce-4713-4689-ba39-0c98eb36a13c","4","majdn_test11@hotmail.com"
,"347b02c0-ed21-7d90-3b47-096a8f073922","5f8eb7ce-4713-4689-ba39-0c98eb36a13c","9e6ab2c3-53be-4316-9348-d0fefcd39677",2019-01-08T19:30:54Z,2019-01-08T19:30:54Z,"5f8eb7ce-4713-4689-ba39-0c98eb36a13c","4","majdn_test11@hotmail.com"
,"0e0d92a8-9b91-959f-e46b-1c2ab1a0fdf3","5f8eb7ce-4713-4689-ba39-0c98eb36a13c","5fc452b3-87d1-4c25-bff5-7bd88dc29214",2019-01-08T19:30:37Z,2019-01-08T19:30:37Z,"5f8eb7ce-4713-4689-ba39-0c98eb36a13c","4","majdn_test11@hotmail.com"
,"ba680026-7b76-3fd4-89f7-2fce500cbc94","5f8eb7ce-4713-4689-ba39-0c98eb36a13c","3eb547a6-8238-49f4-ac5b-5bd76f5a39cd",2019-01-08T19:30:21Z,2019-01-08T19:30:21Z,"5f8eb7ce-4713-4689-ba39-0c98eb36a13c","4","majdn_test11@hotmail.com"
,"d335d6b1-ac7e-02d1-2ca5-c1eba4664e5e","5f8eb7ce-4713-4689-ba39-0c98eb36a13c","1bc33301-2ee5-4237-8c9a-2b5031895840",2019-01-08T19:29:59Z,2019-01-08T19:29:59Z,"5f8eb7ce-4713-4689-ba39-0c98eb36a13c","4","majdn_test11@hotmail.com"
,"964767e8-44e0-4453-5e81-9ec1f1cbd0eb","5f8eb7ce-4713-4689-ba39-0c98eb36a13c","d55faab2-c1b1-435c-8a09-248f205e59b1",2019-01-08T19:29:41Z,2019-01-08T19:29:41Z,"5f8eb7ce-4713-4689-ba39-0c98eb36a13c","4","majdn_test11@hotmail.com"
,"8f24284b-b0ec-9c4f-f1bc-15678d21ce74","5f8eb7ce-4713-4689-ba39-0c98eb36a13c","db9fdaa1-6c6f-4e5d-b8e2-302420fa0277",2019-01-08T19:29:09Z,2019-01-08T19:29:09Z,"5f8eb7ce-4713-4689-ba39-0c98eb36a13c","4","majdn_test11@hotmail.com"
,"635dcdd0-76ba-7b84-08cb-3f0e25352801","10ecdf90-3df6-4fc9-96de-2937c380f5fe","23993c65-de40-42fe-86df-4ca9e0e96642",2019-01-08T19:25:22Z,2019-01-08T19:25:22Z,"10ecdf90-3df6-4fc9-96de-2937c380f5fe","5","majdn_test10@hotmail.com"
,"adda328b-9e4f-41af-0459-561f30a07193","10ecdf90-3df6-4fc9-96de-2937c380f5fe","bf4f16c3-3533-4979-a61c-6b7b47592cb3",2019-01-08T19:25:02Z,2019-01-08T19:25:02Z,"10ecdf90-3df6-4fc9-96de-2937c380f5fe","3","majdn_test10@hotmail.com"
,"347b02c0-ed21-7d90-3b47-096a8f073922","10ecdf90-3df6-4fc9-96de-2937c380f5fe","7ec1c4bd-da96-4f56-b660-0c3d5fec7d52",2019-01-08T19:24:44Z,2019-01-08T19:24:44Z,"10ecdf90-3df6-4fc9-96de-2937c380f5fe","4","majdn_test10@hotmail.com"
,"0e0d92a8-9b91-959f-e46b-1c2ab1a0fdf3","10ecdf90-3df6-4fc9-96de-2937c380f5fe","f96c012e-8011-48e1-af58-5c26d4bc02f1",2019-01-08T19:24:30Z,2019-01-08T19:24:30Z,"10ecdf90-3df6-4fc9-96de-2937c380f5fe","5","majdn_test10@hotmail.com"
,"ba680026-7b76-3fd4-89f7-2fce500cbc94","10ecdf90-3df6-4fc9-96de-2937c380f5fe","2bec60ff-92c8-4b25-83f8-96a4a10dfd3c",2019-01-08T19:23:38Z,2019-01-08T19:23:38Z,"10ecdf90-3df6-4fc9-96de-2937c380f5fe","1","majdn_test10@hotmail.com"
,"d335d6b1-ac7e-02d1-2ca5-c1eba4664e5e","10ecdf90-3df6-4fc9-96de-2937c380f5fe","2567362c-c004-482f-a40c-d7705fe6998c",2019-01-08T19:23:21Z,2019-01-08T19:23:21Z,"10ecdf90-3df6-4fc9-96de-2937c380f5fe","3","majdn_test10@hotmail.com"
,"964767e8-44e0-4453-5e81-9ec1f1cbd0eb","10ecdf90-3df6-4fc9-96de-2937c380f5fe","4054a9c1-72ae-48c1-a4e6-3b69427b10de",2019-01-08T19:23:05Z,2019-01-08T19:23:05Z,"10ecdf90-3df6-4fc9-96de-2937c380f5fe","5","majdn_test10@hotmail.com"
,"8f24284b-b0ec-9c4f-f1bc-15678d21ce74","10ecdf90-3df6-4fc9-96de-2937c380f5fe","8bab7afd-6bd4-4cb3-9671-fd26194007f0",2019-01-08T19:22:48Z,2019-01-08T19:22:48Z,"10ecdf90-3df6-4fc9-96de-2937c380f5fe","3","majdn_test10@hotmail.com"
,"ba680026-7b76-3fd4-89f7-2fce500cbc94","2598e3d3-e3de-4804-aa6c-f323744a3181","9243e85f-988f-489c-8454-c506cc62b0fa",2019-01-08T19:21:06Z,2019-01-08T19:21:06Z,"2598e3d3-e3de-4804-aa6c-f323744a3181","4","majdn_test9@hotmail.com"
,"964767e8-44e0-4453-5e81-9ec1f1cbd0eb","2598e3d3-e3de-4804-aa6c-f323744a3181","e82da478-0c7a-4fbe-b86c-e5f694869921",2019-01-08T19:20:36Z,2019-01-08T19:20:36Z,"2598e3d3-e3de-4804-aa6c-f323744a3181","4","majdn_test9@hotmail.com"
,"8f24284b-b0ec-9c4f-f1bc-15678d21ce74","2598e3d3-e3de-4804-aa6c-f323744a3181","4acf5582-76f2-4c98-91aa-54eb4dbeac8c",2019-01-08T19:20:23Z,2019-01-08T19:20:23Z,"2598e3d3-e3de-4804-aa6c-f323744a3181","5","majdn_test9@hotmail.com"
,"0e0d92a8-9b91-959f-e46b-1c2ab1a0fdf3","2598e3d3-e3de-4804-aa6c-f323744a3181","c66209bf-cc38-49a4-8e8f-15b009944778",2019-01-08T19:20:08Z,2019-01-08T19:20:08Z,"2598e3d3-e3de-4804-aa6c-f323744a3181","4","majdn_test9@hotmail.com"
,"347b02c0-ed21-7d90-3b47-096a8f073922","2598e3d3-e3de-4804-aa6c-f323744a3181","f374f987-b3c3-4c31-a6f9-6f22b256e546",2019-01-08T19:19:54Z,2019-01-08T19:19:54Z,"2598e3d3-e3de-4804-aa6c-f323744a3181","3","majdn_test9@hotmail.com"
,"adda328b-9e4f-41af-0459-561f30a07193","2598e3d3-e3de-4804-aa6c-f323744a3181","a6445093-6ee5-431c-86e4-7a58b07902b0",2019-01-08T19:19:37Z,2019-01-08T19:19:37Z,"2598e3d3-e3de-4804-aa6c-f323744a3181","4","majdn_test9@hotmail.com"
,"635dcdd0-76ba-7b84-08cb-3f0e25352801","2598e3d3-e3de-4804-aa6c-f323744a3181","ff88b019-d75e-4ae2-8bd5-b07fb59c5c72",2019-01-08T19:19:22Z,2019-01-08T19:19:22Z,"2598e3d3-e3de-4804-aa6c-f323744a3181","5","majdn_test9@hotmail.com"
,"635dcdd0-76ba-7b84-08cb-3f0e25352801","e4796b50-2cb8-47ed-9bc9-4dfacfc61a26","385d7a14-4d0a-4812-b4d9-c5291ba9970a",2019-01-08T19:18:33Z,2019-01-08T19:18:33Z,"e4796b50-2cb8-47ed-9bc9-4dfacfc61a26","5","majdtest8@hotmail.com"
,"adda328b-9e4f-41af-0459-561f30a07193","e4796b50-2cb8-47ed-9bc9-4dfacfc61a26","3d7bddda-90e9-4a94-a29e-ec2bd17a679e",2019-01-08T19:18:16Z,2019-01-08T19:18:16Z,"e4796b50-2cb8-47ed-9bc9-4dfacfc61a26","3","majdtest8@hotmail.com"
,"347b02c0-ed21-7d90-3b47-096a8f073922","e4796b50-2cb8-47ed-9bc9-4dfacfc61a26","1c97f77c-c37a-4e04-9466-7f50bf0ad14a",2019-01-08T19:18:01Z,2019-01-08T19:18:01Z,"e4796b50-2cb8-47ed-9bc9-4dfacfc61a26","5","majdtest8@hotmail.com"
,"0e0d92a8-9b91-959f-e46b-1c2ab1a0fdf3","e4796b50-2cb8-47ed-9bc9-4dfacfc61a26","3ed4f097-4722-48a6-b0f2-d6649cf9273d",2019-01-08T19:17:45Z,2019-01-08T19:17:45Z,"e4796b50-2cb8-47ed-9bc9-4dfacfc61a26","4","majdtest8@hotmail.com"
,"ba680026-7b76-3fd4-89f7-2fce500cbc94","e4796b50-2cb8-47ed-9bc9-4dfacfc61a26","87de97a6-46d6-4b9f-98a6-f1fc93054860",2019-01-08T19:17:32Z,2019-01-08T19:17:32Z,"e4796b50-2cb8-47ed-9bc9-4dfacfc61a26","3","majdtest8@hotmail.com"
,"d335d6b1-ac7e-02d1-2ca5-c1eba4664e5e","e4796b50-2cb8-47ed-9bc9-4dfacfc61a26","ea4188c5-f7f3-4ab5-8abb-8a5883b1e4e4",2019-01-08T19:17:18Z,2019-01-08T19:17:18Z,"e4796b50-2cb8-47ed-9bc9-4dfacfc61a26","5","majdtest8@hotmail.com"
,"964767e8-44e0-4453-5e81-9ec1f1cbd0eb","e4796b50-2cb8-47ed-9bc9-4dfacfc61a26","e2739260-e4c2-4019-94d7-b60a65375422",2019-01-08T19:17:02Z,2019-01-08T19:17:02Z,"e4796b50-2cb8-47ed-9bc9-4dfacfc61a26","5","majdtest8@hotmail.com"
,"8f24284b-b0ec-9c4f-f1bc-15678d21ce74","e4796b50-2cb8-47ed-9bc9-4dfacfc61a26","17134a79-2cc2-494d-ad1d-24d543ebed76",2019-01-08T19:16:46Z,2019-01-08T19:16:46Z,"e4796b50-2cb8-47ed-9bc9-4dfacfc61a26","5","majdtest8@hotmail.com"
,"0e0d92a8-9b91-959f-e46b-1c2ab1a0fdf3","ce07b5ca-eb7c-4444-9c7e-07143e3afda3","7183943e-8ed9-4f0a-a53b-5b4d66e95f38",2019-01-08T19:16:09Z,2019-01-08T19:16:09Z,"ce07b5ca-eb7c-4444-9c7e-07143e3afda3","3","majdtest7@hotmail.com"
,"347b02c0-ed21-7d90-3b47-096a8f073922","ce07b5ca-eb7c-4444-9c7e-07143e3afda3","bebec76c-6fd4-4bd1-b79e-00028792fc4b",2019-01-08T19:15:51Z,2019-01-08T19:15:51Z,"ce07b5ca-eb7c-4444-9c7e-07143e3afda3","3","majdtest7@hotmail.com"
,"adda328b-9e4f-41af-0459-561f30a07193","ce07b5ca-eb7c-4444-9c7e-07143e3afda3","a8b3610b-4078-4f9e-bc2a-641cf11e09f9",2019-01-08T19:15:30Z,2019-01-08T19:15:30Z,"ce07b5ca-eb7c-4444-9c7e-07143e3afda3","3","majdtest7@hotmail.com"
,"635dcdd0-76ba-7b84-08cb-3f0e25352801","ce07b5ca-eb7c-4444-9c7e-07143e3afda3","63414846-b672-4ac4-814d-d2a7a055a46f",2019-01-08T19:15:00Z,2019-01-08T19:15:00Z,"ce07b5ca-eb7c-4444-9c7e-07143e3afda3","3","majdtest7@hotmail.com"
,"8f24284b-b0ec-9c4f-f1bc-15678d21ce74","ce07b5ca-eb7c-4444-9c7e-07143e3afda3","3aa12e9f-fd62-4301-8a16-9d90ea53da2e",2019-01-08T19:14:43Z,2019-01-08T19:14:43Z,"ce07b5ca-eb7c-4444-9c7e-07143e3afda3","3","majdtest7@hotmail.com"
,"964767e8-44e0-4453-5e81-9ec1f1cbd0eb","ce07b5ca-eb7c-4444-9c7e-07143e3afda3","658fd9ac-580f-45c9-b047-a658f19dbdaa",2019-01-08T19:14:29Z,2019-01-08T19:14:29Z,"ce07b5ca-eb7c-4444-9c7e-07143e3afda3","3","majdtest7@hotmail.com"
,"d335d6b1-ac7e-02d1-2ca5-c1eba4664e5e","ce07b5ca-eb7c-4444-9c7e-07143e3afda3","f6895d33-2d62-4867-92c7-a4ca3585f770",2019-01-08T19:14:15Z,2019-01-08T19:14:15Z,"ce07b5ca-eb7c-4444-9c7e-07143e3afda3","3","majdtest7@hotmail.com"
,"ba680026-7b76-3fd4-89f7-2fce500cbc94","ce07b5ca-eb7c-4444-9c7e-07143e3afda3","ed78fcf3-bb79-4fdf-bb05-83a2007b8809",2019-01-08T19:14:00Z,2019-01-08T19:14:00Z,"ce07b5ca-eb7c-4444-9c7e-07143e3afda3","3","majdtest7@hotmail.com"
,"8f24284b-b0ec-9c4f-f1bc-15678d21ce74","752814d6-4fab-4a36-88b4-4d400dac2a11","9568c8c7-745d-499d-b6e4-6288432180ea",2019-01-08T19:12:39Z,2019-01-08T19:12:39Z,"752814d6-4fab-4a36-88b4-4d400dac2a11","2","majd_el_nakhle6@hotmail.com"
,"964767e8-44e0-4453-5e81-9ec1f1cbd0eb","752814d6-4fab-4a36-88b4-4d400dac2a11","a8ed19d4-471d-4d82-8e03-029d3b6d1ada",2019-01-08T19:12:23Z,2019-01-08T19:12:23Z,"752814d6-4fab-4a36-88b4-4d400dac2a11","3","majd_el_nakhle6@hotmail.com"
,"d335d6b1-ac7e-02d1-2ca5-c1eba4664e5e","752814d6-4fab-4a36-88b4-4d400dac2a11","20c0a2f4-9bd5-4628-9d39-9e80a35d7e7f",2019-01-08T19:12:08Z,2019-01-08T19:12:08Z,"752814d6-4fab-4a36-88b4-4d400dac2a11","4","majd_el_nakhle6@hotmail.com"
,"ba680026-7b76-3fd4-89f7-2fce500cbc94","752814d6-4fab-4a36-88b4-4d400dac2a11","6603bb81-27ce-4666-84e6-200ccfdc38ba",2019-01-08T19:11:47Z,2019-01-08T19:11:47Z,"752814d6-4fab-4a36-88b4-4d400dac2a11","5","majd_el_nakhle6@hotmail.com"
,"0e0d92a8-9b91-959f-e46b-1c2ab1a0fdf3","752814d6-4fab-4a36-88b4-4d400dac2a11","ff59883b-d0df-442a-94b4-1ec41ec65839",2019-01-08T19:11:24Z,2019-01-08T19:11:24Z,"752814d6-4fab-4a36-88b4-4d400dac2a11","4","majd_el_nakhle6@hotmail.com"
,"347b02c0-ed21-7d90-3b47-096a8f073922","752814d6-4fab-4a36-88b4-4d400dac2a11","855d178d-18b6-4fd6-b393-13f202f3090b",2019-01-08T19:11:04Z,2019-01-08T19:11:04Z,"752814d6-4fab-4a36-88b4-4d400dac2a11","3","majd_el_nakhle6@hotmail.com"
,"adda328b-9e4f-41af-0459-561f30a07193","752814d6-4fab-4a36-88b4-4d400dac2a11","f19daee8-c1af-48ea-b1db-64b2bcc70f5d",2019-01-08T19:10:43Z,2019-01-08T19:10:43Z,"752814d6-4fab-4a36-88b4-4d400dac2a11","2","majd_el_nakhle6@hotmail.com"
,"635dcdd0-76ba-7b84-08cb-3f0e25352801","752814d6-4fab-4a36-88b4-4d400dac2a11","26c52994-e294-4a5b-9035-99f2314f7520",2019-01-08T19:10:25Z,2019-01-08T19:10:25Z,"752814d6-4fab-4a36-88b4-4d400dac2a11","1","majd_el_nakhle6@hotmail.com"
,"635dcdd0-76ba-7b84-08cb-3f0e25352801","7bdaad2f-af57-4846-a189-6b27aae4cbad","42abaf2d-4c80-4ba5-b5cc-b110a22a916a",2019-01-08T19:09:26Z,2019-01-08T19:09:26Z,"7bdaad2f-af57-4846-a189-6b27aae4cbad","4","majd_el_nakhle5@hotmail.com"
,"adda328b-9e4f-41af-0459-561f30a07193","7bdaad2f-af57-4846-a189-6b27aae4cbad","e1701081-cd8e-4bd5-a5ac-7ae138ee3303",2019-01-08T19:08:54Z,2019-01-08T19:08:54Z,"7bdaad2f-af57-4846-a189-6b27aae4cbad","4","majd_el_nakhle5@hotmail.com"
,"347b02c0-ed21-7d90-3b47-096a8f073922","7bdaad2f-af57-4846-a189-6b27aae4cbad","6589d9a4-72f5-4fe3-8031-fb9c7588e6c4",2019-01-08T19:08:38Z,2019-01-08T19:08:38Z,"7bdaad2f-af57-4846-a189-6b27aae4cbad","4","majd_el_nakhle5@hotmail.com"
,"0e0d92a8-9b91-959f-e46b-1c2ab1a0fdf3","7bdaad2f-af57-4846-a189-6b27aae4cbad","0844c455-5f43-44fa-88a0-eb41190b9e40",2019-01-08T19:08:22Z,2019-01-08T19:08:22Z,"7bdaad2f-af57-4846-a189-6b27aae4cbad","4","majd_el_nakhle5@hotmail.com"
,"ba680026-7b76-3fd4-89f7-2fce500cbc94","7bdaad2f-af57-4846-a189-6b27aae4cbad","7fda37ed-1b02-49eb-9f2d-0f8f7588b98f",2019-01-08T19:08:04Z,2019-01-08T19:08:04Z,"7bdaad2f-af57-4846-a189-6b27aae4cbad","4","majd_el_nakhle5@hotmail.com"
,"d335d6b1-ac7e-02d1-2ca5-c1eba4664e5e","7bdaad2f-af57-4846-a189-6b27aae4cbad","64d03322-5734-49ce-8cb5-07c60f597d1a",2019-01-08T19:07:46Z,2019-01-08T19:07:46Z,"7bdaad2f-af57-4846-a189-6b27aae4cbad","4","majd_el_nakhle5@hotmail.com"
,"964767e8-44e0-4453-5e81-9ec1f1cbd0eb","7bdaad2f-af57-4846-a189-6b27aae4cbad","0178923e-a1f1-4f48-ae24-17eb4db74325",2019-01-08T19:07:23Z,2019-01-08T19:07:23Z,"7bdaad2f-af57-4846-a189-6b27aae4cbad","4","majd_el_nakhle5@hotmail.com"
,"8f24284b-b0ec-9c4f-f1bc-15678d21ce74","7bdaad2f-af57-4846-a189-6b27aae4cbad","debd5376-956f-43fd-9cc4-be292b45b11b",2019-01-08T19:07:08Z,2019-01-08T19:07:08Z,"7bdaad2f-af57-4846-a189-6b27aae4cbad","4","majd_el_nakhle5@hotmail.com"
,"635dcdd0-76ba-7b84-08cb-3f0e25352801","10668674-a0e9-42e6-9880-eea3dbd263f9","bb6123fd-55a4-438b-97db-78f1e106af90",2019-01-08T19:06:28Z,2019-01-08T19:06:28Z,"10668674-a0e9-42e6-9880-eea3dbd263f9","5","majd_el_nakhle4@hotmail.com"
,"adda328b-9e4f-41af-0459-561f30a07193","10668674-a0e9-42e6-9880-eea3dbd263f9","a0033492-137a-4c48-9fad-6c7c24c25e41",2019-01-08T19:06:05Z,2019-01-08T19:06:05Z,"10668674-a0e9-42e6-9880-eea3dbd263f9","5","majd_el_nakhle4@hotmail.com"
,"347b02c0-ed21-7d90-3b47-096a8f073922","10668674-a0e9-42e6-9880-eea3dbd263f9","0d2341b1-54a7-4971-81b9-61f2d6cd6d57",2019-01-08T19:05:45Z,2019-01-08T19:05:45Z,"10668674-a0e9-42e6-9880-eea3dbd263f9","4","majd_el_nakhle4@hotmail.com"
,"0e0d92a8-9b91-959f-e46b-1c2ab1a0fdf3","10668674-a0e9-42e6-9880-eea3dbd263f9","e62ae39f-4a9f-4eae-9a2f-ae64f00e5993",2019-01-08T19:05:26Z,2019-01-08T19:05:26Z,"10668674-a0e9-42e6-9880-eea3dbd263f9","4","majd_el_nakhle4@hotmail.com"
,"d335d6b1-ac7e-02d1-2ca5-c1eba4664e5e","10668674-a0e9-42e6-9880-eea3dbd263f9","83282d5f-3368-400c-adef-b7745c857d11",2019-01-08T19:05:07Z,2019-01-08T19:05:07Z,"10668674-a0e9-42e6-9880-eea3dbd263f9","4","majd_el_nakhle4@hotmail.com"
,"964767e8-44e0-4453-5e81-9ec1f1cbd0eb","10668674-a0e9-42e6-9880-eea3dbd263f9","660365fc-2c8c-444b-9b41-b663d31629c1",2019-01-08T19:04:51Z,2019-01-08T19:04:51Z,"10668674-a0e9-42e6-9880-eea3dbd263f9","4","majd_el_nakhle4@hotmail.com"
,"8f24284b-b0ec-9c4f-f1bc-15678d21ce74","10668674-a0e9-42e6-9880-eea3dbd263f9","23740327-f5f2-4114-ab43-061c248cda10",2019-01-08T19:04:32Z,2019-01-08T19:04:32Z,"10668674-a0e9-42e6-9880-eea3dbd263f9","4","majd_el_nakhle4@hotmail.com"
,"0e0d92a8-9b91-959f-e46b-1c2ab1a0fdf3","85e93f08-9cf8-4339-9876-4981c1408f3b","f01edf4a-6631-4e6a-baa2-b2c22ff3ac88",2019-01-08T19:02:41Z,2019-01-08T19:02:41Z,"85e93f08-9cf8-4339-9876-4981c1408f3b","5","majd_el_nakhle3@hotmail.com"
,"347b02c0-ed21-7d90-3b47-096a8f073922","85e93f08-9cf8-4339-9876-4981c1408f3b","04570bbb-4dda-401c-89f4-b14e7a43dc5a",2019-01-08T19:02:21Z,2019-01-08T19:02:21Z,"85e93f08-9cf8-4339-9876-4981c1408f3b","4","majd_el_nakhle3@hotmail.com"
,,"85e93f08-9cf8-4339-9876-4981c1408f3b","e080f060-6d57-4d20-8bef-958c8f33bc45",2019-01-08T19:01:57Z,2019-01-08T19:01:57Z,"85e93f08-9cf8-4339-9876-4981c1408f3b","4","majd_el_nakhle3@hotmail.com"
,"635dcdd0-76ba-7b84-08cb-3f0e25352801","85e93f08-9cf8-4339-9876-4981c1408f3b","3aeb8594-d6d6-4763-b260-6947f958612c",2019-01-08T19:01:38Z,2019-01-08T19:01:38Z,"85e93f08-9cf8-4339-9876-4981c1408f3b","5","majd_el_nakhle3@hotmail.com"
,"8f24284b-b0ec-9c4f-f1bc-15678d21ce74","85e93f08-9cf8-4339-9876-4981c1408f3b","930cfc5a-0a74-44ba-9985-9b12d8fad621",2019-01-08T19:01:20Z,2019-01-08T19:01:20Z,"85e93f08-9cf8-4339-9876-4981c1408f3b","5","majd_el_nakhle3@hotmail.com"
,"964767e8-44e0-4453-5e81-9ec1f1cbd0eb","85e93f08-9cf8-4339-9876-4981c1408f3b","bb823623-46c9-47d1-acba-6d301338f476",2019-01-08T19:00:51Z,2019-01-08T19:00:51Z,"85e93f08-9cf8-4339-9876-4981c1408f3b","4","majd_el_nakhle3@hotmail.com"
,"d335d6b1-ac7e-02d1-2ca5-c1eba4664e5e","85e93f08-9cf8-4339-9876-4981c1408f3b","b6639233-e0fb-4ff6-89d2-6dc4d9c01a91",2019-01-08T19:00:33Z,2019-01-08T19:00:33Z,"85e93f08-9cf8-4339-9876-4981c1408f3b","5","majd_el_nakhle3@hotmail.com"
,"ba680026-7b76-3fd4-89f7-2fce500cbc94","85e93f08-9cf8-4339-9876-4981c1408f3b","3e72fad3-280a-4910-918d-0515ffd9f284",2019-01-08T19:00:14Z,2019-01-08T19:00:14Z,"85e93f08-9cf8-4339-9876-4981c1408f3b","4","majd_el_nakhle3@hotmail.com"
,"635dcdd0-76ba-7b84-08cb-3f0e25352801","a0e0d332-0ca2-4fb0-ba50-315dd2b11aeb","993cc67f-b10e-415d-83f5-712e6426e59f",2019-01-08T18:58:27Z,2019-01-08T18:58:27Z,"a0e0d332-0ca2-4fb0-ba50-315dd2b11aeb","5","majd_el_nakhle2@hotmail.com"
,"adda328b-9e4f-41af-0459-561f30a07193","a0e0d332-0ca2-4fb0-ba50-315dd2b11aeb","3257d153-5e2c-4fc0-9a36-a4f382fd39d9",2019-01-08T18:58:07Z,2019-01-08T18:58:07Z,"a0e0d332-0ca2-4fb0-ba50-315dd2b11aeb","4","majd_el_nakhle2@hotmail.com"
,"347b02c0-ed21-7d90-3b47-096a8f073922","a0e0d332-0ca2-4fb0-ba50-315dd2b11aeb","30062268-cb00-4a39-a411-a51da3ebac01",2019-01-08T18:57:49Z,2019-01-08T18:57:49Z,"a0e0d332-0ca2-4fb0-ba50-315dd2b11aeb","4","majd_el_nakhle2@hotmail.com"
,"0e0d92a8-9b91-959f-e46b-1c2ab1a0fdf3","a0e0d332-0ca2-4fb0-ba50-315dd2b11aeb","37eedb35-b9cf-43c0-b7c2-de357b6255fc",2019-01-08T18:57:33Z,2019-01-08T18:57:33Z,"a0e0d332-0ca2-4fb0-ba50-315dd2b11aeb","5","majd_el_nakhle2@hotmail.com"
,"ba680026-7b76-3fd4-89f7-2fce500cbc94","a0e0d332-0ca2-4fb0-ba50-315dd2b11aeb","f60dfc9b-249a-4706-b0b9-3a3bfc9085e9",2019-01-08T18:57:13Z,2019-01-08T18:57:13Z,"a0e0d332-0ca2-4fb0-ba50-315dd2b11aeb","3","majd_el_nakhle2@hotmail.com"
,"d335d6b1-ac7e-02d1-2ca5-c1eba4664e5e","a0e0d332-0ca2-4fb0-ba50-315dd2b11aeb","e8944ec2-c4a8-4fb0-94a1-e0741334e961",2019-01-08T18:56:56Z,2019-01-08T18:56:56Z,"a0e0d332-0ca2-4fb0-ba50-315dd2b11aeb","2","majd_el_nakhle2@hotmail.com"
,"964767e8-44e0-4453-5e81-9ec1f1cbd0eb","a0e0d332-0ca2-4fb0-ba50-315dd2b11aeb","59f28c5f-cdbe-40f2-ae0f-6c826f1f4402",2019-01-08T18:56:29Z,2019-01-08T18:56:29Z,"a0e0d332-0ca2-4fb0-ba50-315dd2b11aeb","5","majd_el_nakhle2@hotmail.com"
,"8f24284b-b0ec-9c4f-f1bc-15678d21ce74","a0e0d332-0ca2-4fb0-ba50-315dd2b11aeb","dc15ead2-3158-4eed-bcaa-b1d52cc1d0d7",2019-01-08T18:56:10Z,2019-01-08T18:56:10Z,"a0e0d332-0ca2-4fb0-ba50-315dd2b11aeb","5","majd_el_nakhle2@hotmail.com"
,"635dcdd0-76ba-7b84-08cb-3f0e25352801","09e727d7-f57d-4b25-92bd-659e5ec1ba7a","3196959a-5801-4c1a-b097-2fa44ad0a8f8",2019-01-08T18:55:27Z,2019-01-08T18:55:27Z,"09e727d7-f57d-4b25-92bd-659e5ec1ba7a","5","majd_el_nakhle@hotmail.com"
,"adda328b-9e4f-41af-0459-561f30a07193","09e727d7-f57d-4b25-92bd-659e5ec1ba7a","a878e02f-e4ad-4199-bcf2-796e68b57797",2019-01-08T18:54:59Z,2019-01-08T18:54:59Z,"09e727d7-f57d-4b25-92bd-659e5ec1ba7a","5","majd_el_nakhle@hotmail.com"
,"347b02c0-ed21-7d90-3b47-096a8f073922","09e727d7-f57d-4b25-92bd-659e5ec1ba7a","bc893d7d-13ba-4f47-b7fd-819e668d2d40",2019-01-08T18:54:35Z,2019-01-08T18:54:35Z,"09e727d7-f57d-4b25-92bd-659e5ec1ba7a","2","majd_el_nakhle@hotmail.com"
,"0e0d92a8-9b91-959f-e46b-1c2ab1a0fdf3","09e727d7-f57d-4b25-92bd-659e5ec1ba7a","ddb5b605-534f-4a41-892e-6b713cff0bff",2019-01-08T18:54:19Z,2019-01-08T18:54:19Z,"09e727d7-f57d-4b25-92bd-659e5ec1ba7a","4","majd_el_nakhle@hotmail.com"
,"8f24284b-b0ec-9c4f-f1bc-15678d21ce74","09e727d7-f57d-4b25-92bd-659e5ec1ba7a","0eb7939a-0045-4832-9709-5acecf69c39e",2019-01-08T18:53:40Z,2019-01-08T18:53:40Z,"09e727d7-f57d-4b25-92bd-659e5ec1ba7a","1","majd_el_nakhle@hotmail.com"
,"d335d6b1-ac7e-02d1-2ca5-c1eba4664e5e","09e727d7-f57d-4b25-92bd-659e5ec1ba7a","296624cc-5878-4002-8be6-f1e5aa569a53",2019-01-08T18:53:21Z,2019-01-08T18:53:21Z,"09e727d7-f57d-4b25-92bd-659e5ec1ba7a","5","majd_el_nakhle@hotmail.com"
,"ba680026-7b76-3fd4-89f7-2fce500cbc94","09e727d7-f57d-4b25-92bd-659e5ec1ba7a","095c1605-d2b0-4651-bf4f-c6c92c3962bd",2019-01-08T18:53:00Z,2019-01-08T18:53:00Z,"09e727d7-f57d-4b25-92bd-659e5ec1ba7a","3","majd_el_nakhle@hotmail.com"
,"964767e8-44e0-4453-5e81-9ec1f1cbd0eb","09e727d7-f57d-4b25-92bd-659e5ec1ba7a","908e2265-6a1c-4ca2-b8f7-ea281708042c",2019-01-08T18:52:20Z,2019-01-08T18:52:20Z,"09e727d7-f57d-4b25-92bd-659e5ec1ba7a","3","majd_el_nakhle@hotmail.com"
,"d335d6b1-ac7e-02d1-2ca5-c1eba4664e5e","d51f88bc-a992-4474-a501-220a4d25fb82","86e48d99-745c-4bcd-b0ec-9892545aff05",2019-01-02T15:07:09Z,2019-01-02T15:07:09Z,"d51f88bc-a992-4474-a501-220a4d25fb82","3","roni@gmail.com"
,"d335d6b1-ac7e-02d1-2ca5-c1eba4664e5e","d51f88bc-a992-4474-a501-220a4d25fb82","fbf59190-7a53-48c0-80a6-e438850919c3",2019-01-02T15:07:06Z,2019-01-02T15:07:06Z,"d51f88bc-a992-4474-a501-220a4d25fb82","0","roni@gmail.com"
,"ba680026-7b76-3fd4-89f7-2fce500cbc94","d51f88bc-a992-4474-a501-220a4d25fb82","38175430-62b4-4b5b-ba24-12b9e03066be",2019-01-02T15:06:20Z,2019-01-02T15:06:20Z,"d51f88bc-a992-4474-a501-220a4d25fb82","4","roni@gmail.com"
,"635dcdd0-76ba-7b84-08cb-3f0e25352801","6be2920a-9ea7-4d3a-9eb5-c42de95ca765","fbca86a2-fc7e-4828-9156-384a38e226e7",2018-12-29T11:31:56Z,2018-12-29T11:31:56Z,"6be2920a-9ea7-4d3a-9eb5-c42de95ca765","5","ronibarghut@gmail.com"
,"635dcdd0-76ba-7b84-08cb-3f0e25352801","6be2920a-9ea7-4d3a-9eb5-c42de95ca765","56165676-e7d1-47ad-9d2b-ecb89a3b2f86",2018-12-21T18:33:59Z,2018-12-21T18:33:59Z,"6be2920a-9ea7-4d3a-9eb5-c42de95ca765","4","ronibarghut@gmail.com"
,"347b02c0-ed21-7d90-3b47-096a8f073922","6be2920a-9ea7-4d3a-9eb5-c42de95ca765","e77da584-15e2-46c4-8a8a-411f22c7cf9d",2018-12-21T18:05:19Z,2018-12-21T18:05:19Z,"6be2920a-9ea7-4d3a-9eb5-c42de95ca765","3","ronibarghut@gmail.com"
,"adda328b-9e4f-41af-0459-561f30a07193","6be2920a-9ea7-4d3a-9eb5-c42de95ca765","ea00022b-b1cf-463e-83fd-89ae21bf8e6d",2018-12-21T18:05:00Z,2018-12-21T18:05:00Z,"6be2920a-9ea7-4d3a-9eb5-c42de95ca765","2","ronibarghut@gmail.com"
,"635dcdd0-76ba-7b84-08cb-3f0e25352801","6be2920a-9ea7-4d3a-9eb5-c42de95ca765","677d8963-8e11-435f-9ca3-83dc9322e6f2",2018-12-21T18:04:49Z,2018-12-21T18:04:49Z,"6be2920a-9ea7-4d3a-9eb5-c42de95ca765","1","ronibarghut@gmail.com"
,"635dcdd0-76ba-7b84-08cb-3f0e25352801","6be2920a-9ea7-4d3a-9eb5-c42de95ca765","7e542cdd-69f5-4a30-9766-38fc8928fd6f",2018-12-21T18:04:47Z,2018-12-21T18:04:47Z,"6be2920a-9ea7-4d3a-9eb5-c42de95ca765","1","ronibarghut@gmail.com"
